Sequence ID,Sequence Length,A,C,D,E,F,G,H,I,K,L,M,N,P,Q,R,S,T,V,W,Y
XP_001316127.1,651,0.0445468509984639,0.026113671274961597,0.03840245775729647,0.03533026113671275,0.06605222734254992,0.03533026113671275,0.015360983102918587,0.11059907834101383,0.030721966205837174,0.07219662058371736,0.019969278033794162,0.09062980030721966,0.043010752688172046,0.021505376344086023,0.019969278033794162,0.1336405529953917,0.07834101382488479,0.039938556067588324,0.0030721966205837174,0.07526881720430108
KXD78034.1,869,0.11507479861910241,0.012658227848101266,0.06214039125431531,0.06789413118527042,0.03682393555811277,0.09090909090909091,0.014959723820483314,0.047180667433831994,0.05753739930955121,0.09781357882623705,0.02761795166858458,0.024165707710011506,0.06329113924050633,0.028768699654775604,0.04602991944764097,0.04602991944764097,0.05868814729574223,0.06904487917146145,0.009205983889528193,0.024165707710011506
KXD78035.1,155,0.0967741935483871,0.03225806451612903,0.05161290322580645,0.07096774193548387,0.04516129032258064,0.03225806451612903,0.01935483870967742,0.05161290322580645,0.025806451612903226,0.12258064516129032,0.012903225806451613,0.01935483870967742,0.03870967741935484,0.07096774193548387,0.1032258064516129,0.05806451612903226,0.012903225806451613,0.06451612903225806,0.025806451612903226,0.04516129032258064
KXD78036.1,287,0.11149825783972125,0.013937282229965157,0.0627177700348432,0.07317073170731707,0.017421602787456445,0.059233449477351915,0.041811846689895474,0.07317073170731707,0.04529616724738676,0.12195121951219512,0.010452961672473868,0.020905923344947737,0.04529616724738676,0.04878048780487805,0.04529616724738676,0.059233449477351915,0.0627177700348432,0.0627177700348432,0.010452961672473868,0.013937282229965157
